{
  "TMSWarp\nNumPy FEM": {
    "assembly": 1.6995896250009537,
    "solve": 258.70200474979356,
    "total": 260.4015943747945
  },
  "TMSWarp\nWarp.fem\nCPU": {
    "assembly": null,
    "solve": null,
    "total": 112.47868404211476
  }
}