{
  "metadata": {
    "hostname": "hive.local",
    "platform": "Darwin x86_64",
    "python": "3.12.12",
    "numpy_version": "2.4.2",
    "scipy_version": "1.17.1",
    "warp_version": "1.9.1",
    "warp_device": "cpu (i386)",
    "timestamp": "2026-03-02T23:24:16.435812+00:00",
    "repeats": 1,
    "notes": ""
  },
  "configs": [
    {
      "n_shells": 4,
      "n_surface": 100,
      "min_quality": 0.01,
      "n_nodes": 194,
      "n_elements": 847,
      "t_numpy_assembly_s": 0.0034020639723166823,
      "t_numpy_solve_s": 0.019819421984720975,
      "t_numpy_total_s": 0.023221485957037657,
      "t_warp_assembly_s": 0.0103545889724046,
      "t_warp_solve_s": 0.07244369597174227,
      "t_warp_total_s": 0.08279828494414687,
      "rdm_numpy": 0.5942566438645166,
      "mag_numpy": 0.18057724286823074,
      "rdm_warp": 0.5959892561431026,
      "mag_warp": 0.18152957518682666
    },
    {
      "n_shells": 6,
      "n_surface": 300,
      "min_quality": 0.01,
      "n_nodes": 762,
      "n_elements": 3704,
      "t_numpy_assembly_s": 0.010484418016858399,
      "t_numpy_solve_s": 0.008752717985771596,
      "t_numpy_total_s": 0.019237136002629995,
      "t_warp_assembly_s": 0.02915543899871409,
      "t_warp_solve_s": 0.17689535301178694,
      "t_warp_total_s": 0.20605079201050103,
      "rdm_numpy": 0.39462337648760903,
      "mag_numpy": 0.07302478953524111,
      "rdm_warp": 0.39857505350555583,
      "mag_warp": 0.07440201723129812
    },
    {
      "n_shells": 8,
      "n_surface": 500,
      "min_quality": 0.01,
      "n_nodes": 1597,
      "n_elements": 8202,
      "t_numpy_assembly_s": 0.0392338769743219,
      "t_numpy_solve_s": 0.06577903899597004,
      "t_numpy_total_s": 0.10501291597029194,
      "t_warp_assembly_s": 0.05967967602191493,
      "t_warp_solve_s": 0.47179324604803696,
      "t_warp_total_s": 0.5314729220699519,
      "rdm_numpy": 0.3130123002615479,
      "mag_numpy": 0.045428758842028925,
      "rdm_warp": 0.31982298696004574,
      "mag_warp": 0.048036667213454065
    },
    {
      "n_shells": 10,
      "n_surface": 800,
      "min_quality": 0.01,
      "n_nodes": 3084,
      "n_elements": 16337,
      "t_numpy_assembly_s": 0.07107720099156722,
      "t_numpy_solve_s": 0.08840762899490073,
      "t_numpy_total_s": 0.15948482998646796,
      "t_warp_assembly_s": 0.1167812260100618,
      "t_warp_solve_s": 1.0325128529802896,
      "t_warp_total_s": 1.1492940789903514,
      "rdm_numpy": 0.2579597643548891,
      "mag_numpy": 0.029341047298213248,
      "rdm_warp": 0.2700600675234075,
      "mag_warp": 0.032536172047524146
    },
    {
      "n_shells": 12,
      "n_surface": 1200,
      "min_quality": 0.05,
      "n_nodes": 5419,
      "n_elements": 29000,
      "t_numpy_assembly_s": 0.07783903199015185,
      "t_numpy_solve_s": 0.26819999900180846,
      "t_numpy_total_s": 0.3460390309919603,
      "t_warp_assembly_s": 0.19809365697437897,
      "t_warp_solve_s": 1.6153016880271025,
      "t_warp_total_s": 1.8133953450014815,
      "rdm_numpy": 0.19200961363628746,
      "mag_numpy": 0.018605508442949854,
      "rdm_warp": 0.23044790928202052,
      "mag_warp": 0.026806803145003083
    }
  ]
}