{
  "metadata": {
    "hostname": "slate.local",
    "platform": "Darwin arm64",
    "python": "3.12.12",
    "numpy_version": "2.4.2",
    "scipy_version": "1.17.1",
    "warp_version": "1.11.1",
    "warp_device": "cpu (arm)",
    "timestamp": "2026-03-02T21:44:28.784989+00:00",
    "repeats": 5,
    "notes": "Apple Silicon M-series, ARM native, CPU only"
  },
  "configs": [
    {
      "n_shells": 4,
      "n_surface": 100,
      "min_quality": 0.01,
      "n_nodes": 194,
      "n_elements": 847,
      "t_numpy_assembly_s": 0.0008680000901222229,
      "t_numpy_solve_s": 0.0005959998816251755,
      "t_numpy_total_s": 0.0014639999717473984,
      "t_warp_assembly_s": 0.0036066249012947083,
      "t_warp_solve_s": 0.030931625049561262,
      "t_warp_total_s": 0.03453824995085597,
      "rdm_numpy": 0.5942566438645164,
      "mag_numpy": 0.18057724286823057,
      "rdm_warp": 0.5959892561431026,
      "mag_warp": 0.18152957518682666
    },
    {
      "n_shells": 6,
      "n_surface": 300,
      "min_quality": 0.01,
      "n_nodes": 762,
      "n_elements": 3704,
      "t_numpy_assembly_s": 0.003543166909366846,
      "t_numpy_solve_s": 0.004034166224300861,
      "t_numpy_total_s": 0.0075773331336677074,
      "t_warp_assembly_s": 0.011530457995831966,
      "t_warp_solve_s": 0.07357858261093497,
      "t_warp_total_s": 0.08510904060676694,
      "rdm_numpy": 0.3946233764876089,
      "mag_numpy": 0.07302478953524111,
      "rdm_warp": 0.39857505350555533,
      "mag_warp": 0.07440201723129833
    },
    {
      "n_shells": 8,
      "n_surface": 500,
      "min_quality": 0.01,
      "n_nodes": 1597,
      "n_elements": 8202,
      "t_numpy_assembly_s": 0.008179166819900274,
      "t_numpy_solve_s": 0.01404320914298296,
      "t_numpy_total_s": 0.022222375962883234,
      "t_warp_assembly_s": 0.02470904216170311,
      "t_warp_solve_s": 0.18716808408498764,
      "t_warp_total_s": 0.21187712624669075,
      "rdm_numpy": 0.3130123002615477,
      "mag_numpy": 0.045428758842028925,
      "rdm_warp": 0.31982298696004585,
      "mag_warp": 0.04803666721345428
    },
    {
      "n_shells": 10,
      "n_surface": 800,
      "min_quality": 0.01,
      "n_nodes": 3084,
      "n_elements": 16337,
      "t_numpy_assembly_s": 0.01601966703310609,
      "t_numpy_solve_s": 0.0540502080693841,
      "t_numpy_total_s": 0.07006987510249019,
      "t_warp_assembly_s": 0.04768208274617791,
      "t_warp_solve_s": 0.4135146657936275,
      "t_warp_total_s": 0.4611967485398054,
      "rdm_numpy": 0.2579597643548895,
      "mag_numpy": 0.029341047298213466,
      "rdm_warp": 0.2700600675234076,
      "mag_warp": 0.032536172047524146
    },
    {
      "n_shells": 12,
      "n_surface": 1200,
      "min_quality": 0.05,
      "n_nodes": 5419,
      "n_elements": 29000,
      "t_numpy_assembly_s": 0.029526707716286182,
      "t_numpy_solve_s": 0.18549333419650793,
      "t_numpy_total_s": 0.2150200419127941,
      "t_warp_assembly_s": 0.08641079114750028,
      "t_warp_solve_s": 0.6418991670943797,
      "t_warp_total_s": 0.7283099582418799,
      "rdm_numpy": 0.19200961363628724,
      "mag_numpy": 0.018605508442949854,
      "rdm_warp": 0.23044790928202039,
      "mag_warp": 0.026806803145003298
    }
  ]
}