{
  "metadata": {
    "hostname": "slate.local",
    "platform": "Darwin arm64",
    "python": "3.12.12",
    "numpy_version": "2.4.2",
    "scipy_version": "1.17.1",
    "warp_version": "1.11.1",
    "warp_device": "cpu (arm)",
    "timestamp": "2026-03-03T16:32:06.104163+00:00",
    "repeats": 5,
    "notes": ""
  },
  "configs": [
    {
      "n_shells": 4,
      "n_surface": 100,
      "min_quality": 0.01,
      "n_nodes": 194,
      "n_elements": 847,
      "t_numpy_assembly_s": 0.0008702501654624939,
      "t_numpy_solve_s": 0.0005466253496706486,
      "t_numpy_total_s": 0.0014168755151331425,
      "t_warp_assembly_s": 0.003536582924425602,
      "t_warp_solve_s": 0.031430499628186226,
      "t_warp_total_s": 0.03496708255261183,
      "rdm_numpy": 0.5942566438645164,
      "mag_numpy": 0.18057724286823057,
      "rdm_warp": 0.5959892561431026,
      "mag_warp": 0.18152957518682666
    },
    {
      "n_shells": 6,
      "n_surface": 300,
      "min_quality": 0.01,
      "n_nodes": 762,
      "n_elements": 3704,
      "t_numpy_assembly_s": 0.0035674581304192543,
      "t_numpy_solve_s": 0.004095999989658594,
      "t_numpy_total_s": 0.0076634581200778484,
      "t_warp_assembly_s": 0.011750000063329935,
      "t_warp_solve_s": 0.07293308293446898,
      "t_warp_total_s": 0.08468308299779892,
      "rdm_numpy": 0.3946233764876089,
      "mag_numpy": 0.07302478953524111,
      "rdm_warp": 0.39857505350555533,
      "mag_warp": 0.07440201723129833
    },
    {
      "n_shells": 8,
      "n_surface": 500,
      "min_quality": 0.01,
      "n_nodes": 1597,
      "n_elements": 8202,
      "t_numpy_assembly_s": 0.00829395791515708,
      "t_numpy_solve_s": 0.014399166218936443,
      "t_numpy_total_s": 0.022693124134093523,
      "t_warp_assembly_s": 0.025141083169728518,
      "t_warp_solve_s": 0.18941883323714137,
      "t_warp_total_s": 0.2145599164068699,
      "rdm_numpy": 0.3130123002615477,
      "mag_numpy": 0.045428758842028925,
      "rdm_warp": 0.31982298696004585,
      "mag_warp": 0.04803666721345428
    },
    {
      "n_shells": 10,
      "n_surface": 800,
      "min_quality": 0.01,
      "n_nodes": 3084,
      "n_elements": 16337,
      "t_numpy_assembly_s": 0.016416999977082014,
      "t_numpy_solve_s": 0.05373220890760422,
      "t_numpy_total_s": 0.07014920888468623,
      "t_warp_assembly_s": 0.048996500205248594,
      "t_warp_solve_s": 0.4140962501987815,
      "t_warp_total_s": 0.4630927504040301,
      "rdm_numpy": 0.2579597643548895,
      "mag_numpy": 0.029341047298213466,
      "rdm_warp": 0.2700600675234076,
      "mag_warp": 0.032536172047524146
    },
    {
      "n_shells": 12,
      "n_surface": 1200,
      "min_quality": 0.05,
      "n_nodes": 5419,
      "n_elements": 29000,
      "t_numpy_assembly_s": 0.029564666096121073,
      "t_numpy_solve_s": 0.1846025842241943,
      "t_numpy_total_s": 0.21416725032031536,
      "t_warp_assembly_s": 0.08709149993956089,
      "t_warp_solve_s": 0.6409189160913229,
      "t_warp_total_s": 0.7280104160308838,
      "rdm_numpy": 0.19200961363628724,
      "mag_numpy": 0.018605508442949854,
      "rdm_warp": 0.23044790928202039,
      "mag_warp": 0.026806803145003298
    }
  ]
}